id,first_name,last_name,email,gender,ip_address
1,Walden,Kirsop,wkirsop0@buzzfeed.com,Male,84.2.121.2
2,Damaris,Chmarny,dchmarny1@weather.com,Female,200.32.224.56
3,Roderic,Rennick,rrennick2@discuz.net,Male,247.191.3.33
4,Ashlee,Tringham,atringham3@telegraph.co.uk,Female,150.119.233.121
5,Cam,Stothert,cstothert4@moonfruit.com,Non-binary,105.203.32.161
6,Gwendolyn,Commucci,gcommucci5@bravesites.com,Female,205.89.235.208
7,Leroi,Bodega,lbodega6@hexun.com,Male,59.250.25.59
8,Hermia,Phelipeaux,hphelipeaux7@vinaora.com,Female,252.6.116.47
9,Travis,Conn,tconn8@redcross.org,Male,189.197.239.82
10,Pyotr,Fellos,pfellos9@a8.net,Male,57.150.20.223
11,Thelma,Bouette,tbouettea@narod.ru,Female,15.203.90.105
12,Charis,Gierhard,cgierhardb@shareasale.com,Genderfluid,90.67.149.139
13,Maximilian,Serraillier,mserraillierc@delicious.com,Male,21.38.1.123
14,Tremaine,Farguhar,tfarguhard@hc360.com,Male,237.33.32.181
15,Nertie,Glander,nglandere@ucla.edu,Female,112.34.171.128
16,Ezequiel,Tommeo,etommeof@walmart.com,Male,214.15.80.122
17,Gerta,Lafont,glafontg@vkontakte.ru,Female,64.168.58.151
18,Leicester,Baroc,lbaroch@phoca.cz,Male,116.61.133.65
19,Georgina,McOwan,gmcowani@ox.ac.uk,Female,45.123.16.105
20,Augy,McInnerny,amcinnernyj@php.net,Male,208.52.92.46
21,Zenia,Farndon,zfarndonk@arstechnica.com,Female,12.71.100.204
22,Chalmers,Sherville,cshervillel@biglobe.ne.jp,Male,108.111.207.173
23,Dione,Gypps,dgyppsm@cbslocal.com,Female,171.61.61.70
24,Gill,Crisford,gcrisfordn@mapy.cz,Male,130.1.198.209
25,Tova,Treanor,ttreanoro@europa.eu,Female,17.88.44.219
26,Boote,Frangione,bfrangionep@freewebs.com,Male,77.116.246.102
27,Tabbi,Conti,tcontiq@zimbio.com,Female,77.83.178.175
28,Imogene,Lebel,ilebelr@wp.com,Female,24.135.217.44
29,Amalle,Coghlin,acoghlins@columbia.edu,Female,125.145.178.216
30,Christophorus,Duffield,cduffieldt@sina.com.cn,Male,221.148.58.111
31,Auria,Paull,apaullu@nbcnews.com,Female,133.235.229.122
32,Elianora,Serot,eserotv@upenn.edu,Female,234.39.168.88
33,Cointon,Spadotto,cspadottow@soup.io,Male,175.28.219.79
34,Mitchel,Bashford,mbashfordx@ucsd.edu,Male,239.214.147.180
35,Hunt,Cheese,hcheesey@vimeo.com,Male,188.56.114.8
36,Towney,Mailes,tmailesz@symantec.com,Male,100.114.234.176
37,Krishnah,Cail,kcail10@blogs.com,Male,30.123.29.23
38,Aluin,Persey,apersey11@so-net.ne.jp,Male,59.117.84.45
39,Oliviero,Scurman,oscurman12@deliciousdays.com,Male,25.148.33.222
40,Joyous,Wheeler,jwheeler13@barnesandnoble.com,Female,237.110.231.32
41,Wren,Jurgensen,wjurgensen14@marketwatch.com,Female,79.37.92.109
42,Ignacio,Swadlinge,iswadlinge15@ibm.com,Male,217.13.151.236
43,Norean,MacBarron,nmacbarron16@artisteer.com,Female,12.182.90.113
44,Antone,Kent,akent17@indiegogo.com,Male,19.82.231.131
45,Netta,Lindmark,nlindmark18@icio.us,Female,176.47.103.247
46,Leanora,Cloney,lcloney19@paginegialle.it,Female,10.81.211.72
47,Dugald,Knightley,dknightley1a@hubpages.com,Male,150.80.212.2
48,Woodman,Peschmann,wpeschmann1b@moonfruit.com,Male,43.178.46.159
49,Jessee,McPartlin,jmcpartlin1c@ucla.edu,Male,86.95.147.193
50,Stanley,Clurow,sclurow1d@whitehouse.gov,Male,33.98.31.220
51,Guinevere,Skarr,gskarr1e@google.com.au,Female,19.223.86.159
52,Emilee,Schoular,eschoular1f@house.gov,Agender,105.5.58.24
53,Harwell,Levings,hlevings1g@typepad.com,Male,198.117.221.42
54,Emmott,Hrinchenko,ehrinchenko1h@washingtonpost.com,Male,54.25.68.253
55,Carine,Hannent,channent1i@csmonitor.com,Female,254.248.72.252
56,Ddene,Willbourne,dwillbourne1j@newsvine.com,Female,61.29.236.248
57,Dexter,Harnott,dharnott1k@163.com,Male,87.124.0.36
58,Erick,Crumb,ecrumb1l@google.fr,Male,179.242.174.68
59,Gerardo,Neil,gneil1m@google.ru,Male,231.120.161.132
60,Tailor,Jonah,tjonah1n@yandex.ru,Male,141.133.192.164
61,Kerrill,Rebanks,krebanks1o@miibeian.gov.cn,Female,228.28.35.238
62,Erasmus,Drohan,edrohan1p@narod.ru,Male,6.199.95.132
63,Katrinka,Suggitt,ksuggitt1q@hhs.gov,Agender,163.12.180.122
64,Taddeusz,Kelwaybamber,tkelwaybamber1r@who.int,Male,116.166.231.196
65,Cassi,Pesterfield,cpesterfield1s@archive.org,Female,172.234.130.229
66,Jefferson,Sindell,jsindell1t@dedecms.com,Male,182.103.36.164
67,Chiquita,Serotsky,cserotsky1u@biblegateway.com,Female,46.241.153.29
68,Cathryn,Ahlf,cahlf1v@latimes.com,Female,73.223.78.216
69,Keenan,Yorkston,kyorkston1w@wufoo.com,Male,139.229.73.154
70,Konstantine,Messier,kmessier1x@wunderground.com,Male,229.71.86.65
71,Reider,Frise,rfrise1y@tripod.com,Male,142.196.102.209
72,Guilbert,Clowsley,gclowsley1z@ow.ly,Male,98.130.225.122
73,Lori,Rastrick,lrastrick20@foxnews.com,Female,204.201.205.202
74,Amalia,Topham,atopham21@cmu.edu,Female,27.149.181.195
75,Ottilie,Walley,owalley22@opensource.org,Female,106.74.240.85
76,Rhys,Gordon-Giles,rgordongiles23@about.com,Male,119.190.115.204
77,Serene,Mountjoy,smountjoy24@vkontakte.ru,Non-binary,41.128.222.195
78,Ode,Snaddon,osnaddon25@webmd.com,Male,149.18.22.51
79,Yorke,Grice,ygrice26@auda.org.au,Male,37.65.175.116
80,Louise,Galway,lgalway27@studiopress.com,Female,207.25.91.183
81,Sax,Grewer,sgrewer28@xing.com,Male,56.65.209.249
82,Roderigo,Orable,rorable29@xing.com,Male,94.73.230.2
83,Ignaz,Pyle,ipyle2a@google.fr,Male,125.249.215.122
84,Dagny,Dowden,ddowden2b@woothemes.com,Male,193.213.204.243
85,Elbertine,Bourdon,ebourdon2c@icq.com,Female,126.208.116.107
86,Roseline,Alderwick,ralderwick2d@list-manage.com,Female,42.99.52.12
87,Ebonee,Skill,eskill2e@independent.co.uk,Female,155.11.209.8
88,Tim,Ganter,tganter2f@mozilla.com,Male,218.54.177.133
89,Keslie,Doumic,kdoumic2g@seesaa.net,Female,187.170.196.230
90,Gerta,Hostan,ghostan2h@gnu.org,Female,198.106.122.196
91,Cindra,Rickeard,crickeard2i@trellian.com,Polygender,25.129.18.183
92,Fredelia,Wraight,fwraight2j@blogger.com,Female,45.61.102.151
93,Rodrigo,Poulston,rpoulston2k@newsvine.com,Male,5.198.152.158
94,Jobye,Langabeer,jlangabeer2l@smugmug.com,Female,55.133.12.241
95,Kaja,Belderson,kbelderson2m@oaic.gov.au,Female,76.91.175.171
96,Darnell,Songust,dsongust2n@lulu.com,Male,90.49.196.228
97,Gerladina,Tortis,gtortis2o@yale.edu,Female,168.100.134.140
98,Christine,Rodgerson,crodgerson2p@businessweek.com,Agender,131.154.25.210
99,Filippo,Grabham,fgrabham2q@privacy.gov.au,Male,109.105.151.95
100,Madelyn,Fant,mfant2r@soundcloud.com,Female,219.68.130.64
101,Sascha,Oultram,soultram2s@trellian.com,Male,234.4.119.227
102,Wade,Ivanitsa,wivanitsa2t@princeton.edu,Male,243.60.151.191
103,Kerrin,Lambertz,klambertz2u@topsy.com,Female,65.224.136.73
104,Ogdan,Scroyton,oscroyton2v@youtu.be,Male,207.11.42.155
105,Cly,Newns,cnewns2w@earthlink.net,Male,4.65.2.173
106,Kerri,Portt,kportt2x@blogger.com,Female,68.132.2.34
107,Mortimer,Mc Pake,mmcpake2y@microsoft.com,Male,207.105.243.133
108,Flemming,Bucktrout,fbucktrout2z@cbsnews.com,Male,106.85.85.231
109,Brodie,Worgen,bworgen30@census.gov,Male,196.187.176.223
110,Allison,Goullee,agoullee31@sfgate.com,Non-binary,24.40.156.39
111,Othelia,Prinne,oprinne32@upenn.edu,Female,233.217.199.252
112,Terrell,Bish,tbish33@rakuten.co.jp,Male,19.197.131.134
113,Jordain,Martina,jmartina34@independent.co.uk,Female,19.143.50.132
114,Gussie,Rowlings,growlings35@amazon.co.uk,Female,254.199.183.34
115,Danyelle,Briztman,dbriztman36@flavors.me,Female,70.197.87.82
116,Billy,Blabber,bblabber37@ft.com,Male,137.216.206.15
117,Francklin,Mitchenson,fmitchenson38@columbia.edu,Polygender,178.221.13.6
118,Ranee,Gerge,rgerge39@addthis.com,Female,10.115.98.227
119,Duke,Rawlison,drawlison3a@sphinn.com,Male,37.73.247.150
120,Kenon,Pawels,kpawels3b@themeforest.net,Male,175.188.46.237
121,Levi,Bras,lbras3c@free.fr,Male,163.245.126.131
122,Rakel,Salman,rsalman3d@drupal.org,Female,203.152.138.196
123,Francesca,Nettle,fnettle3e@vistaprint.com,Female,21.192.117.99
124,Langsdon,Kinastan,lkinastan3f@furl.net,Male,14.128.119.138
125,Gui,Viner,gviner3g@bandcamp.com,Female,36.224.255.160
126,Gwenette,Freear,gfreear3h@canalblog.com,Female,135.144.116.136
127,Laurie,Brownfield,lbrownfield3i@cyberchimps.com,Male,52.174.94.216
128,Frances,Virgin,fvirgin3j@illinois.edu,Female,41.169.98.37
129,Trixy,Eneas,teneas3k@shareasale.com,Female,199.200.117.69
130,Ingelbert,Tremble,itremble3l@nyu.edu,Male,87.25.162.181
131,Ignace,Fowlston,ifowlston3m@cisco.com,Non-binary,71.62.77.93
132,Kathryn,Conerding,kconerding3n@washingtonpost.com,Female,136.68.37.51
133,Adi,Trencher,atrencher3o@prweb.com,Non-binary,201.233.219.110
134,Deck,Orleton,dorleton3p@linkedin.com,Male,59.223.195.191
135,Art,Oxbie,aoxbie3q@csmonitor.com,Male,73.233.77.47
136,Jaye,Bonallack,jbonallack3r@liveinternet.ru,Non-binary,209.86.8.64
137,Read,Quirke,rquirke3s@youku.com,Male,49.213.174.24
138,Abbot,Basill,abasill3t@icio.us,Male,38.177.188.155
139,Melly,Maccrae,mmaccrae3u@baidu.com,Female,163.239.122.168
140,Hermia,Learoyde,hlearoyde3v@weather.com,Agender,142.244.143.147
141,Xaviera,Kubal,xkubal3w@acquirethisname.com,Female,251.251.134.178
142,Marline,Elvin,melvin3x@admin.ch,Female,33.81.166.64
143,Mose,Antao,mantao3y@usatoday.com,Male,213.19.73.14
144,Christophe,Thowes,cthowes3z@harvard.edu,Male,40.119.146.126
145,Mickie,Crapper,mcrapper40@naver.com,Non-binary,234.195.91.90
146,Mandie,Ayliffe,mayliffe41@zdnet.com,Female,230.122.116.122
147,Vaughn,Dutch,vdutch42@sourceforge.net,Male,229.95.52.160
148,Reidar,Skelhorn,rskelhorn43@google.co.jp,Male,76.208.125.168
149,Sarena,Simchenko,ssimchenko44@businessweek.com,Female,245.83.143.114
150,Ricky,Adamides,radamides45@naver.com,Female,106.233.207.137
151,Nona,Bumpus,nbumpus46@moonfruit.com,Bigender,134.208.215.237
152,Melli,Poundford,mpoundford47@fema.gov,Female,160.154.229.2
153,Brion,Dupey,bdupey48@dyndns.org,Male,55.191.117.8
154,Joelie,Rosten,jrosten49@google.fr,Female,48.248.39.201
155,Beltran,Cottle,bcottle4a@google.com.au,Male,206.153.36.34
156,Lynde,Weinmann,lweinmann4b@mit.edu,Female,87.107.232.220
157,Dela,Boult,dboult4c@upenn.edu,Female,8.20.144.13
158,Courtnay,Digman,cdigman4d@illinois.edu,Male,232.144.58.22
159,Kingsley,Drewe,kdrewe4e@elegantthemes.com,Male,88.92.171.238
160,Zelma,Casetti,zcasetti4f@networkadvertising.org,Female,140.178.73.57
161,Ed,Reames,ereames4g@hexun.com,Male,233.95.162.56
162,Kirsti,Strauss,kstrauss4h@prlog.org,Female,130.45.132.249
163,Vito,Boothby,vboothby4i@yelp.com,Male,138.30.3.188
164,Hubie,Loveitt,hloveitt4j@columbia.edu,Male,234.175.204.223
165,Paquito,Edinboro,pedinboro4k@statcounter.com,Male,17.154.7.44
166,Adah,Powton,apowton4l@reference.com,Female,172.204.89.5
167,Octavia,Dimitriades,odimitriades4m@china.com.cn,Female,81.154.30.29
168,Gusti,Monget,gmonget4n@amazon.de,Female,31.134.197.45
169,Shari,Schober,sschober4o@symantec.com,Female,229.194.80.28
170,Sosanna,Aldridge,saldridge4p@imageshack.us,Female,99.242.61.19
171,Cyb,Tomczak,ctomczak4q@cocolog-nifty.com,Female,47.230.213.168
172,Liliane,Clawsley,lclawsley4r@surveymonkey.com,Bigender,235.0.86.224
173,Pooh,Treadger,ptreadger4s@paginegialle.it,Male,25.44.59.101
174,Angeli,Adamides,aadamides4t@dion.ne.jp,Genderqueer,145.54.135.158
175,Dael,Hartigan,dhartigan4u@prlog.org,Male,206.109.158.89
176,Alair,Lynes,alynes4v@reference.com,Genderfluid,66.221.219.27
177,Mylo,Fitzackerley,mfitzackerley4w@yahoo.com,Male,191.137.38.209
178,Rozalie,Moscon,rmoscon4x@admin.ch,Female,31.1.228.66
179,Jerrine,Ducaen,jducaen4y@chronoengine.com,Genderfluid,230.114.132.30
180,Lisa,Dalrymple,ldalrymple4z@home.pl,Female,190.14.173.184
181,Terence,Grenter,tgrenter50@de.vu,Male,99.135.29.173
182,Tessy,Fegan,tfegan51@imageshack.us,Female,98.44.202.134
183,Stavro,Garnsey,sgarnsey52@europa.eu,Male,96.63.244.199
184,Lorain,Cottell,lcottell53@europa.eu,Female,70.215.209.24
185,Clement,MacFadin,cmacfadin54@washington.edu,Male,184.162.26.5
186,Raddy,Tixall,rtixall55@google.de,Male,174.79.77.243
187,Earl,Andresen,eandresen56@nhs.uk,Male,194.57.164.250
188,Fania,Flemyng,fflemyng57@archive.org,Female,79.239.98.137
189,Eachelle,Thornewell,ethornewell58@zimbio.com,Female,170.180.183.94
190,Ted,Witsey,twitsey59@dot.gov,Male,190.21.250.33
191,Staci,McMurdo,smcmurdo5a@disqus.com,Female,253.106.52.96
192,Gale,Truckett,gtruckett5b@who.int,Male,136.184.206.139
193,Reagen,Cromar,rcromar5c@cbc.ca,Male,151.60.126.224
194,Levy,Leetham,lleetham5d@slashdot.org,Male,48.17.2.196
195,Gard,Allard,gallard5e@opensource.org,Male,65.230.197.233
196,Robers,Casolla,rcasolla5f@omniture.com,Male,106.218.177.82
197,Lissy,Varnam,lvarnam5g@aboutads.info,Female,122.18.215.170
198,Jerri,Wyant,jwyant5h@addthis.com,Male,25.40.170.95
199,Abbot,Wabey,awabey5i@ycombinator.com,Male,154.5.233.153
200,Rudy,Emmer,remmer5j@live.com,Male,235.141.211.80
201,Melesa,Moreman,mmoreman5k@time.com,Female,40.254.154.123
202,Winnah,Bolgar,wbolgar5l@wordpress.org,Genderqueer,203.252.83.204
203,Whitman,Buchett,wbuchett5m@cloudflare.com,Male,62.174.109.227
204,Kippy,Theobold,ktheobold5n@foxnews.com,Female,50.203.106.196
205,Tarra,Dalmon,tdalmon5o@tripadvisor.com,Female,24.23.79.204
206,Pietrek,Broady,pbroady5p@businessweek.com,Male,62.149.232.13
207,Wake,O Mullen,womullen5q@nifty.com,Male,235.68.13.220
208,Lorenzo,Purseglove,lpurseglove5r@redcross.org,Male,209.147.247.232
209,Sharleen,Allport,sallport5s@e-recht24.de,Female,118.112.211.240
210,Wallie,Vowdon,wvowdon5t@biglobe.ne.jp,Genderqueer,182.229.14.13
211,Martie,Weller,mweller5u@stumbleupon.com,Male,28.77.209.104
212,Pattie,Loram,ploram5v@amazon.co.uk,Male,104.56.193.251
213,Maible,Broader,mbroader5w@feedburner.com,Agender,222.106.149.202
214,Kristopher,Alford,kalford5x@cargocollective.com,Male,142.49.166.201
215,Archer,Donnett,adonnett5y@icq.com,Male,230.44.205.143
216,Berkly,De Fries,bdefries5z@state.gov,Male,212.169.190.220
217,Clair,Refford,crefford60@github.io,Male,29.121.226.177
218,Carney,Spire,cspire61@pcworld.com,Male,95.114.16.94
219,Lorna,Mays,lmays62@goodreads.com,Female,188.1.246.181
220,Mickie,Noorwood,mnoorwood63@altervista.org,Female,17.163.0.29
221,Hendrick,Spawton,hspawton64@msn.com,Male,86.170.149.207
222,Hadria,Egle,hegle65@qq.com,Female,127.104.119.151
223,Fenelia,Ebbs,febbs66@va.gov,Female,178.205.70.0
224,Delila,Airton,dairton67@wisc.edu,Female,84.97.41.210
225,Patience,Leverson,pleverson68@adobe.com,Female,253.54.119.81
226,Gardiner,Eeles,geeles69@goo.gl,Male,45.172.186.218
227,Camey,Fost,cfost6a@e-recht24.de,Male,105.106.132.220
228,Gardy,Robinette,grobinette6b@symantec.com,Male,209.215.130.161
229,Bobette,Kensley,bkensley6c@state.gov,Female,183.252.179.136
230,Merrilee,Portis,mportis6d@so-net.ne.jp,Female,174.53.247.244
231,Montgomery,Mauser,mmauser6e@privacy.gov.au,Male,68.7.17.104
232,Timmy,Gorger,tgorger6f@ovh.net,Female,234.189.117.210
233,Kirstin,Salvati,ksalvati6g@xinhuanet.com,Female,168.194.66.69
234,Risa,Wharrier,rwharrier6h@dailymail.co.uk,Bigender,58.207.151.253
235,Alastair,Volett,avolett6i@yandex.ru,Genderfluid,226.50.231.246
236,Ginnie,Gregorowicz,ggregorowicz6j@zdnet.com,Female,186.29.64.102
237,Benetta,Nail,bnail6k@gravatar.com,Female,40.87.199.132
238,Tiffy,Pfeifer,tpfeifer6l@storify.com,Female,209.234.154.168
239,Dane,Rolingson,drolingson6m@theguardian.com,Male,195.77.146.60
240,Addison,Sturgess,asturgess6n@twitpic.com,Male,184.106.172.213
241,Cecelia,Raftery,craftery6o@feedburner.com,Female,9.156.97.221
242,Kris,Collet,kcollet6p@list-manage.com,Male,44.127.160.167
243,Vinnie,Dennistoun,vdennistoun6q@netscape.com,Male,240.78.136.162
244,Darda,Kinze,dkinze6r@gmpg.org,Non-binary,33.205.245.187
245,Say,Goter,sgoter6s@elegantthemes.com,Male,4.47.28.65
246,Vivienne,Abbey,vabbey6t@wikipedia.org,Female,167.162.51.62
247,Matteo,Murney,mmurney6u@sciencedirect.com,Non-binary,222.7.50.128
248,Dorelia,Frensch,dfrensch6v@state.tx.us,Female,92.178.178.248
249,Kaspar,Morden,kmorden6w@netvibes.com,Male,44.141.116.103
250,Ruddie,Howett,rhowett6x@flickr.com,Male,107.22.47.130
251,Glynis,Piffe,gpiffe6y@rambler.ru,Female,188.238.112.138
252,Emmy,Trett,etrett6z@apple.com,Male,228.30.149.162
253,Roman,Wooster,rwooster70@auda.org.au,Male,209.200.201.111
254,Mead,Carnell,mcarnell71@devhub.com,Agender,169.180.28.158
255,Charmian,Dade,cdade72@is.gd,Female,126.203.62.177
256,Cecilio,Gyrgorwicx,cgyrgorwicx73@cdbaby.com,Male,12.78.227.239
257,Glynn,Imeson,gimeson74@patch.com,Male,146.18.248.86
258,Barton,Maggi,bmaggi75@auda.org.au,Male,178.181.19.14
259,Gery,Stitwell,gstitwell76@livejournal.com,Male,35.163.208.24
260,Fredrick,Ericsson,fericsson77@webs.com,Male,216.112.3.223
261,Auberon,Huller,ahuller78@posterous.com,Male,211.59.49.122
262,Claudio,Tuffs,ctuffs79@latimes.com,Male,164.100.122.214
263,Silvio,Clawsley,sclawsley7a@cdbaby.com,Male,245.174.133.157
264,Loella,Colleton,lcolleton7b@smugmug.com,Female,110.160.250.117
265,Murial,Vasilic,mvasilic7c@mapy.cz,Female,0.160.139.144
266,Birdie,Woolvett,bwoolvett7d@chronoengine.com,Female,33.207.251.95
267,Kermy,Ioan,kioan7e@123-reg.co.uk,Genderqueer,245.124.115.104
268,Guinna,Card,gcard7f@berkeley.edu,Female,176.147.147.141
269,Wilden,Morigan,wmorigan7g@hc360.com,Male,20.132.216.96
270,Adora,Dennerly,adennerly7h@fastcompany.com,Female,67.159.33.33
271,Oates,Cullrford,ocullrford7i@alibaba.com,Male,149.28.1.249
272,Maximilian,Dudin,mdudin7j@g.co,Male,195.99.125.111
273,Olympe,Tilio,otilio7k@trellian.com,Female,114.235.133.240
274,Hoyt,Ellson,hellson7l@hexun.com,Male,218.185.36.247
275,Nady,Hegge,nhegge7m@ifeng.com,Genderqueer,253.7.81.25
276,Ced,Toffetto,ctoffetto7n@123-reg.co.uk,Male,22.154.64.98
277,Eddie,Lucus,elucus7o@trellian.com,Male,80.130.43.176
278,Geno,Torpie,gtorpie7p@homestead.com,Male,109.223.180.45
279,Allard,Schroter,aschroter7q@simplemachines.org,Male,86.129.84.139
280,Sammie,Lemerle,slemerle7r@noaa.gov,Male,41.179.201.150
281,Frasquito,Stanborough,fstanborough7s@techcrunch.com,Male,142.59.122.141
282,Joey,Adamoli,jadamoli7t@godaddy.com,Male,57.82.164.76
283,Frederique,McKitterick,fmckitterick7u@yahoo.com,Female,50.29.78.85
284,Wolfy,Pancoust,wpancoust7v@loc.gov,Male,119.168.108.152
285,Jodi,Droogan,jdroogan7w@ed.gov,Female,196.194.7.76
286,Laurie,Crutchley,lcrutchley7x@storify.com,Male,77.242.65.185
287,Nikolos,Keyser,nkeyser7y@list-manage.com,Male,201.103.115.18
288,Monro,Pizzie,mpizzie7z@mysql.com,Male,125.211.151.38
289,Ulberto,Chedzoy,uchedzoy80@dmoz.org,Male,47.230.18.238
290,Biddie,Persitt,bpersitt81@imageshack.us,Agender,37.132.92.45
291,Taddeo,O'Fairy,tofairy82@mail.ru,Male,234.247.150.9
292,Amory,Ibel,aibel83@reverbnation.com,Male,161.62.82.235
293,Kelly,Dupree,kdupree84@prweb.com,Female,0.2.93.201
294,Hube,Assender,hassender85@g.co,Male,169.20.231.2
295,Marian,Lodge,mlodge86@icq.com,Female,159.176.170.232
296,Joanna,Antoniewski,jantoniewski87@dot.gov,Female,39.166.78.120
297,Wilmer,Engelmann,wengelmann88@edublogs.org,Male,170.207.146.150
298,Tannie,Mills,tmills89@dropbox.com,Male,244.229.184.132
299,Legra,Waddy,lwaddy8a@networkadvertising.org,Female,112.165.160.112
300,Aviva,Appleton,aappleton8b@fc2.com,Female,112.41.223.67
301,Yehudi,Rivilis,yrivilis8c@ycombinator.com,Male,51.116.220.16
302,Morna,Timbrell,mtimbrell8d@youtu.be,Female,177.184.183.221
303,Franklin,Showt,fshowt8e@posterous.com,Male,139.2.68.216
304,Inger,Haithwaite,ihaithwaite8f@ucoz.com,Male,192.235.9.94
305,Marijn,Oxenham,moxenham8g@ebay.co.uk,Male,102.122.19.122
306,Carrissa,Keynd,ckeynd8h@dmoz.org,Female,117.248.38.250
307,Bobine,Peters,bpeters8i@dyndns.org,Female,113.163.40.17
308,Tracey,Wrennall,twrennall8j@theglobeandmail.com,Female,94.74.124.21
309,Maryann,Jaouen,mjaouen8k@google.com.br,Female,174.50.111.246
310,Ches,Peverell,cpeverell8l@creativecommons.org,Male,218.24.20.226
311,Colver,Ambroise,cambroise8m@instagram.com,Male,72.43.220.141
312,Pennie,Cayton,pcayton8n@hostgator.com,Male,54.113.143.21
313,Patrizia,Sidden,psidden8o@hp.com,Female,176.55.94.112
314,Anett,Lared,alared8p@va.gov,Female,79.230.92.228
315,Lynnett,Janko,ljanko8q@chicagotribune.com,Female,130.150.113.200
316,Faber,Reid,freid8r@yale.edu,Bigender,245.135.217.65
317,Harald,Dmitrienko,hdmitrienko8s@wix.com,Male,109.100.134.101
318,Donavon,Crowdace,dcrowdace8t@netlog.com,Male,157.95.50.34
319,Leigh,Wimpey,lwimpey8u@so-net.ne.jp,Female,186.108.214.235
320,Christoper,Deverille,cdeverille8v@marketwatch.com,Male,43.213.155.208
321,Rowney,Dudeney,rdudeney8w@booking.com,Male,118.197.87.183
322,Halli,Juszczak,hjuszczak8x@bizjournals.com,Female,122.119.58.46
323,Gaven,Starsmore,gstarsmore8y@ifeng.com,Male,147.124.157.52
324,Portia,Langhorn,planghorn8z@hao123.com,Female,38.137.15.48
325,Augustine,Kindleside,akindleside90@mac.com,Male,51.171.70.180
326,Prescott,Dumbrall,pdumbrall91@comcast.net,Male,161.113.26.89
327,Ulrich,Skyram,uskyram92@sphinn.com,Male,87.62.222.124
328,Danya,Meek,dmeek93@arizona.edu,Male,216.106.52.174
329,Brody,Coughlan,bcoughlan94@addthis.com,Male,90.152.33.20
330,Corbin,Ridings,cridings95@nasa.gov,Male,45.77.188.122
331,Tod,McPike,tmcpike96@blogspot.com,Male,36.202.181.110
332,Carin,Seed,cseed97@opensource.org,Genderqueer,147.14.235.164
333,Elton,Mulhall,emulhall98@macromedia.com,Male,185.123.137.154
334,Levy,Finlow,lfinlow99@t-online.de,Bigender,130.11.107.141
335,Colver,Shivell,cshivell9a@printfriendly.com,Polygender,73.141.11.29
336,Elden,Ranking,eranking9b@intel.com,Non-binary,185.6.164.123
337,Jillie,Verna,jverna9c@wordpress.org,Female,47.18.75.114
338,Lidia,Pibsworth,lpibsworth9d@51.la,Female,223.245.173.137
339,Yvon,Orrin,yorrin9e@ow.ly,Male,70.117.45.183
340,Donall,Ratie,dratie9f@naver.com,Male,81.191.181.128
341,Olivero,Harper,oharper9g@google.com,Male,189.188.167.75
342,Adelbert,Pettyfer,apettyfer9h@biglobe.ne.jp,Male,84.82.109.23
343,Muire,Idell,midell9i@qq.com,Female,59.93.1.14
344,Pancho,Corteney,pcorteney9j@java.com,Male,195.206.201.116
345,Katherine,Rattenbury,krattenbury9k@google.co.jp,Agender,232.16.35.173
346,Calypso,South,csouth9l@ibm.com,Female,180.34.84.230
347,Sorcha,Foy,sfoy9m@i2i.jp,Female,149.56.7.24
348,Katuscha,Toland,ktoland9n@163.com,Female,62.169.157.27
349,Mildred,Richel,mrichel9o@narod.ru,Female,167.0.131.73
350,Creigh,Ringrose,cringrose9p@economist.com,Male,5.230.242.215
351,Carmella,Terzi,cterzi9q@hexun.com,Female,169.214.202.123
352,Gabriell,Fownes,gfownes9r@pcworld.com,Female,96.115.118.243
353,Orel,Leall,oleall9s@indiatimes.com,Genderqueer,157.186.74.5
354,Seana,Sleigh,ssleigh9t@ovh.net,Female,160.114.194.45
355,Garv,Ziems,gziems9u@naver.com,Male,109.103.35.208
356,Alexander,Cabotto,acabotto9v@technorati.com,Male,9.187.154.179
357,Ailina,Mcettrick,amcettrick9w@mit.edu,Female,173.99.249.128
358,Terrell,Smeall,tsmeall9x@apple.com,Agender,231.217.72.202
359,Rufe,Aluard,raluard9y@weibo.com,Male,217.247.107.149
360,Benedict,Punch,bpunch9z@vkontakte.ru,Male,105.162.8.22
361,Ceil,Baus,cbausa0@prnewswire.com,Genderqueer,159.83.49.201
362,Vivien,Hallifax,vhallifaxa1@printfriendly.com,Female,96.133.210.45
363,Lizabeth,Dargie,ldargiea2@themeforest.net,Female,176.193.68.240
364,Ulberto,Carsberg,ucarsberga3@cnet.com,Non-binary,73.8.5.161
365,Betsy,Belleny,bbellenya4@imageshack.us,Bigender,10.242.144.50
366,Reina,Stranieri,rstranieria5@unc.edu,Female,118.124.7.74
367,Euell,Brownlie,ebrownliea6@bloomberg.com,Male,7.250.241.102
368,Torey,Lampen,tlampena7@github.com,Male,189.44.70.121
369,Wendel,Caston,wcastona8@businessinsider.com,Male,247.127.115.165
370,Tom,Ducker,tduckera9@behance.net,Male,127.94.227.250
371,Granville,Scawton,gscawtonaa@rediff.com,Male,111.140.243.81
372,Derrick,Wilcockes,dwilcockesab@sciencedaily.com,Male,181.113.119.7
373,Galina,Egel,gegelac@wired.com,Female,44.243.152.247
374,Marianne,Skepper,mskepperad@mtv.com,Female,116.110.160.134
375,Ely,Gripton,egriptonae@japanpost.jp,Bigender,129.208.218.57
376,Levi,Ridpath,lridpathaf@stanford.edu,Male,189.147.211.212
377,Mayor,Helkin,mhelkinag@github.io,Male,238.173.230.2
378,Staford,Clampin,sclampinah@qq.com,Male,158.215.149.23
379,Vivie,Russel,vrusselai@1688.com,Female,65.187.49.154
380,Dottie,Betteson,dbettesonaj@ask.com,Female,93.51.253.167
381,Marillin,Varley,mvarleyak@amazon.com,Polygender,83.234.128.53
382,Ruddie,Hub,rhubal@elegantthemes.com,Male,222.193.231.156
383,Emelen,Darycott,edarycottam@trellian.com,Male,151.24.237.187
384,Gerladina,Klageman,gklagemanan@arstechnica.com,Female,2.84.33.94
385,Rurik,Danilov,rdanilovao@example.com,Male,64.201.24.45
386,Olag,Waddingham,owaddinghamap@ucsd.edu,Genderfluid,131.241.187.210
387,Freddie,Huffa,fhuffaaq@ifeng.com,Female,41.108.135.196
388,Jelene,Speerman,jspeermanar@taobao.com,Female,166.28.97.239
389,Sandor,Remirez,sremirezas@narod.ru,Male,152.54.121.77
390,Sarina,Shepland,ssheplandat@ftc.gov,Female,246.20.224.130
391,Roldan,Niemiec,rniemiecau@ca.gov,Male,26.90.81.212
392,Cole,Ciobotaro,cciobotaroav@ebay.com,Male,126.118.29.36
393,Noach,Gingell,ngingellaw@apache.org,Male,29.208.201.140
394,Helge,Zannotelli,hzannotelliax@histats.com,Female,6.160.166.60
395,Theda,Conkie,tconkieay@unc.edu,Female,220.25.54.173
396,Loise,De Maine,ldemaineaz@unesco.org,Female,28.13.214.1
397,Marilin,Wolfendell,mwolfendellb0@berkeley.edu,Female,208.114.89.36
398,Quincy,Thacker,qthackerb1@twitter.com,Male,113.148.108.234
399,Brear,Reiner,breinerb2@nih.gov,Female,241.222.126.252
400,Susana,Feavearyear,sfeavearyearb3@sohu.com,Female,159.153.100.73
401,Eb,Cromblehome,ecromblehomeb4@prweb.com,Male,50.97.254.237
402,Gilly,Leonarde,gleonardeb5@twitter.com,Female,78.96.161.82
403,Orville,Teek,oteekb6@usatoday.com,Male,238.141.226.247
404,Siegfried,Slarke,sslarkeb7@mit.edu,Male,123.23.121.7
405,Brigida,Elldred,belldredb8@tripod.com,Female,229.66.7.116
406,Gilbertine,Adanet,gadanetb9@discuz.net,Female,215.74.94.88
407,Ella,Tomasello,etomaselloba@dropbox.com,Female,19.137.171.164
408,Nariko,Blaxeland,nblaxelandbb@taobao.com,Female,49.107.58.99
409,Elizabeth,Newland,enewlandbc@digg.com,Female,72.53.169.60
410,Olly,Rotte,orottebd@virginia.edu,Genderqueer,200.251.27.79
411,Dulcy,Cruickshanks,dcruickshanksbe@purevolume.com,Female,175.144.3.216
412,Granthem,Kennea,gkenneabf@msu.edu,Male,206.78.60.56
413,Raymund,Boylan,rboylanbg@g.co,Male,121.158.254.119
414,Sorcha,Bartholomaus,sbartholomausbh@irs.gov,Female,108.87.47.183
415,Hedvige,Gymblett,hgymblettbi@lycos.com,Female,55.25.185.181
416,Sibyl,English,senglishbj@bloomberg.com,Male,187.26.57.63
417,Barbey,Fairbourne,bfairbournebk@noaa.gov,Female,202.59.68.53
418,Merci,Eborn,mebornbl@ucla.edu,Female,225.13.210.181
419,Geoffry,Folland,gfollandbm@redcross.org,Male,70.88.26.200
420,Sven,Redparth,sredparthbn@quantcast.com,Male,7.155.131.84
421,Pooh,Bezley,pbezleybo@washington.edu,Female,101.99.152.110
422,Iolanthe,MacPaike,imacpaikebp@jimdo.com,Genderfluid,241.56.2.88
423,Spenser,Kern,skernbq@miibeian.gov.cn,Male,235.2.142.45
424,Lock,Fullerlove,lfullerlovebr@nationalgeographic.com,Male,203.170.64.51
425,Ber,Bovaird,bbovairdbs@smh.com.au,Male,187.168.102.255
426,Erena,Pindell,epindellbt@networksolutions.com,Female,237.18.57.224
427,Carmon,Herety,cheretybu@nifty.com,Bigender,82.65.123.165
428,Skye,Orrum,sorrumbv@stumbleupon.com,Male,92.71.72.32
429,Elisabet,Saill,esaillbw@alibaba.com,Female,194.73.232.69
430,Lesya,Campe,lcampebx@digg.com,Female,100.96.148.220
431,Riobard,Heam,rheamby@wiley.com,Male,133.39.89.97
432,Caddric,Bakeup,cbakeupbz@imgur.com,Male,201.59.76.130
433,Ivette,Janko,ijankoc0@engadget.com,Female,244.118.6.66
434,Alf,Sapir,asapirc1@utexas.edu,Male,100.214.150.20
435,Paule,Pulbrook,ppulbrookc2@fastcompany.com,Female,227.121.153.115
436,Rice,Hobben,rhobbenc3@google.fr,Male,82.152.206.111
437,Rey,Esposita,respositac4@istockphoto.com,Polygender,123.54.113.2
438,Monah,Buckler,mbucklerc5@ucsd.edu,Female,249.131.21.73
439,Teressa,Gouldie,tgouldiec6@xing.com,Female,186.106.51.203
440,Pavla,Toxell,ptoxellc7@addtoany.com,Female,107.53.45.237
441,Brinna,Maypole,bmaypolec8@squarespace.com,Female,198.200.179.231
442,Lucius,Kilalea,lkilaleac9@twitter.com,Genderfluid,43.19.28.118
443,Tamera,Greenlees,tgreenleesca@elegantthemes.com,Female,197.154.63.92
444,Dario,Dootson,ddootsoncb@aol.com,Male,8.150.123.178
445,Reba,Fredi,rfredicc@cornell.edu,Female,69.28.252.41
446,Violette,Piggrem,vpiggremcd@people.com.cn,Female,129.100.6.57
447,Arty,Smoote,asmootece@tumblr.com,Male,76.234.45.8
448,Webster,Orbell,worbellcf@shareasale.com,Genderqueer,89.177.24.120
449,Camala,Cossington,ccossingtoncg@shinystat.com,Female,102.126.113.196
450,Brewer,Spawton,bspawtonch@hp.com,Male,58.182.181.67
451,Brear,Helks,bhelksci@phoca.cz,Female,167.89.137.135
452,Hastings,Brakespear,hbrakespearcj@latimes.com,Male,126.3.36.243
453,Ransell,Loomis,rloomisck@wikipedia.org,Male,166.185.5.239
454,Talya,Szreter,tszretercl@prnewswire.com,Genderfluid,71.141.200.30
455,Kailey,Coraini,kcorainicm@51.la,Female,240.241.71.84
456,Robby,Bosnell,rbosnellcn@oakley.com,Female,198.49.163.100
457,Barron,Denisyev,bdenisyevco@i2i.jp,Male,95.10.224.68
458,Craggy,Southon,csouthoncp@studiopress.com,Male,244.29.8.23
459,Cori,Stapells,cstapellscq@joomla.org,Polygender,149.5.255.66
460,Archie,Gauford,agaufordcr@printfriendly.com,Male,162.198.250.61
461,Thatch,Branwhite,tbranwhitecs@shareasale.com,Male,22.219.173.178
462,Candida,Labeuil,clabeuilct@discuz.net,Female,59.104.27.188
463,Ham,Domerc,hdomerccu@prlog.org,Male,64.249.97.5
464,Sandye,Sends,ssendscv@berkeley.edu,Female,125.172.63.126
465,Danit,Raynes,draynescw@edublogs.org,Female,131.132.207.219
466,Derron,Cicccitti,dcicccitticx@ucoz.ru,Male,177.196.70.21
467,Gena,Bassill,gbassillcy@dmoz.org,Female,4.34.173.223
468,Trina,Clamo,tclamocz@flickr.com,Female,139.0.249.230
469,Brooks,Stoner,bstonerd0@spiegel.de,Male,17.89.43.97
470,Farand,Grimsditch,fgrimsditchd1@blogspot.com,Genderfluid,167.243.75.163
471,Cobby,Ramberg,crambergd2@huffingtonpost.com,Genderfluid,174.213.13.237
472,Eadith,Attock,eattockd3@mac.com,Female,207.94.214.238
473,Carlynn,Neles,cnelesd4@vinaora.com,Female,134.123.250.148
474,Rudolf,Juster,rjusterd5@angelfire.com,Male,110.75.55.214
475,Margalo,McIlenna,mmcilennad6@list-manage.com,Female,150.70.102.129
476,Elfreda,Banham,ebanhamd7@reverbnation.com,Female,0.200.35.75
477,Aristotle,Minithorpe,aminithorped8@ocn.ne.jp,Male,167.203.7.224
478,Angel,Childers,achildersd9@angelfire.com,Male,244.46.221.254
479,Brit,Stilliard,bstilliardda@smh.com.au,Male,191.159.63.166
480,Sharon,Nutley,snutleydb@bravesites.com,Female,137.138.70.201
481,Mile,Cardenoza,mcardenozadc@oakley.com,Male,168.9.238.242
482,Joe,Cromblehome,jcromblehomedd@simplemachines.org,Male,12.150.15.47
483,Solly,Santos,ssantosde@usgs.gov,Male,215.218.217.61
484,Wolfgang,Alben,walbendf@wufoo.com,Male,13.155.97.84
485,Stearne,Thomelin,sthomelindg@de.vu,Male,132.122.138.204
486,Herbert,Moth,hmothdh@facebook.com,Male,74.65.73.81
487,Malissia,Portriss,mportrissdi@salon.com,Female,245.164.212.247
488,Norene,Spataro,nspatarodj@dropbox.com,Female,0.130.33.209
489,Monah,Gaymer,mgaymerdk@newyorker.com,Genderqueer,197.206.111.99
490,Wilhelm,Feria,wferiadl@shareasale.com,Male,211.229.128.8
491,Nola,Durman,ndurmandm@so-net.ne.jp,Female,164.48.221.12
492,Valina,Areles,varelesdn@networksolutions.com,Genderfluid,6.47.52.55
493,Arnaldo,Asee,aaseedo@bbb.org,Male,37.138.116.210
494,Orren,Hellewell,ohellewelldp@bing.com,Male,107.192.136.242
495,Deirdre,Cheater,dcheaterdq@vistaprint.com,Non-binary,76.17.169.128
496,Zack,Vairow,zvairowdr@com.com,Male,109.15.88.223
497,Eirena,Dedney,ededneyds@dion.ne.jp,Female,95.251.218.249
498,Josepha,Asprey,jaspreydt@whitehouse.gov,Female,157.191.204.83
499,Aprilette,Sprasen,asprasendu@ifeng.com,Bigender,8.59.1.164
500,Stephen,Armfirld,sarmfirlddv@washington.edu,Male,193.243.171.84
501,Vale,Loddon,vloddondw@businessinsider.com,Male,8.27.184.217
502,Melanie,Kohnert,mkohnertdx@booking.com,Female,138.245.20.200
503,Moyra,Carletto,mcarlettody@last.fm,Female,95.185.245.237
504,Bryant,Teliga,bteligadz@unblog.fr,Male,180.31.147.111
505,Charley,Aysik,caysike0@seattletimes.com,Male,154.133.163.81
506,Cornell,Danks,cdankse1@dropbox.com,Male,175.155.12.188
507,Emlen,Buckthorp,ebuckthorpe2@bigcartel.com,Male,65.196.13.169
508,Cristionna,Floris,cflorise3@answers.com,Female,116.63.107.26
509,Cullie,Treasaden,ctreasadene4@princeton.edu,Male,24.94.118.125
510,Mikkel,Lodge,mlodgee5@oracle.com,Male,231.137.219.114
511,Hollis,Batterbee,hbatterbeee6@buzzfeed.com,Polygender,89.102.249.204
512,Dom,Powrie,dpowriee7@jalbum.net,Male,26.157.108.196
513,Helen-elizabeth,Benoit,hbenoite8@newsvine.com,Female,89.46.254.83
514,Gerda,Simonds,gsimondse9@google.ca,Female,95.116.234.163
515,Lelah,Tweddell,ltweddellea@exblog.jp,Female,109.177.222.239
516,Delmer,Fellos,dfelloseb@liveinternet.ru,Male,6.218.69.229
517,Ban,Tamsett,btamsettec@theguardian.com,Male,80.201.191.152
518,Nikkie,Westwood,nwestwooded@prnewswire.com,Female,241.11.29.13
519,Nikkie,Bissatt,nbissattee@fc2.com,Female,181.200.110.180
520,Rose,Iacobo,riacoboef@phoca.cz,Female,92.253.237.235
521,Odelinda,Quinton,oquintoneg@123-reg.co.uk,Female,40.114.132.225
522,Tatum,Aindriu,taindriueh@wp.com,Female,46.101.182.73
523,Doti,Bradburn,dbradburnei@wsj.com,Female,4.198.198.221
524,Vivie,Zanotti,vzanottiej@wunderground.com,Female,80.230.205.184
525,Layton,Rugieri,lrugieriek@indiatimes.com,Male,174.95.177.204
526,Sid,McCaughren,smccaughrenel@angelfire.com,Male,44.61.6.242
527,Patty,Stratz,pstratzem@mail.ru,Male,92.199.16.154
528,Cirilo,Alexsandrovich,calexsandrovichen@ebay.com,Male,49.168.201.146
529,Demetri,Yanne,dyanneeo@fda.gov,Bigender,3.82.22.203
530,Sisile,Beneteau,sbeneteauep@ezinearticles.com,Polygender,160.170.86.36
531,Iorgos,Khidr,ikhidreq@exblog.jp,Male,6.78.159.33
532,Adelice,Henfre,ahenfreer@google.com.au,Female,32.199.195.14
533,Consuela,Furphy,cfurphyes@ezinearticles.com,Female,74.252.32.59
534,Jeffry,Druhan,jdruhanet@nydailynews.com,Male,23.196.2.143
535,Leona,Lapidus,llapiduseu@zdnet.com,Female,238.131.14.236
536,Gardener,Aleavy,galeavyev@vk.com,Male,179.244.114.196
537,Linc,Strotone,lstrotoneew@usnews.com,Genderfluid,63.11.146.69
538,Claresta,Gianuzzi,cgianuzziex@dailymail.co.uk,Female,52.223.186.243
539,Nancie,Drennan,ndrennaney@xing.com,Female,222.26.134.149
540,Mirella,Lydiate,mlydiateez@shutterfly.com,Female,69.136.149.57
541,Gib,Avon,gavonf0@51.la,Male,103.177.133.41
542,Reyna,Quayle,rquaylef1@adobe.com,Female,177.231.48.243
543,Modesty,Arnett,marnettf2@hatena.ne.jp,Female,232.142.90.228
544,Tanner,Culwen,tculwenf3@github.com,Male,158.24.224.32
545,Wanda,Wellbeloved,wwellbelovedf4@liveinternet.ru,Female,164.142.138.127
546,Coleen,Pashan,cpashanf5@w3.org,Non-binary,47.200.134.117
547,Willyt,Breckon,wbreckonf6@tamu.edu,Female,35.9.172.140
548,Pen,Szachniewicz,pszachniewiczf7@ca.gov,Male,42.132.194.252
549,Keith,Bankes,kbankesf8@plala.or.jp,Male,30.239.138.65
550,Brander,Lembke,blembkef9@xrea.com,Male,84.14.21.200
551,Thorndike,Standing,tstandingfa@wikipedia.org,Male,66.100.84.152
552,Gael,Neward,gnewardfb@newyorker.com,Male,70.186.16.22
553,Davita,Panyer,dpanyerfc@wikia.com,Female,236.133.146.144
554,Shawn,Moreno,smorenofd@baidu.com,Female,188.184.34.39
555,Joachim,Hustler,jhustlerfe@addtoany.com,Male,162.150.5.24
556,Jo-ann,Flint,jflintff@businessinsider.com,Female,47.180.43.240
557,Banky,Godain,bgodainfg@state.gov,Male,155.192.117.173
558,Silvana,Compford,scompfordfh@telegraph.co.uk,Bigender,167.87.149.103
559,Marcia,Runnacles,mrunnaclesfi@google.de,Female,98.213.90.189
560,Hilliard,Rudderham,hrudderhamfj@blogspot.com,Male,216.219.48.184
561,Abbie,Vedekhov,avedekhovfk@mysql.com,Male,243.182.155.94
562,Wakefield,Shepherd,wshepherdfl@cdc.gov,Male,150.140.238.216
563,Christoper,Mattiessen,cmattiessenfm@taobao.com,Male,92.76.240.29
564,Clarine,Shallo,cshallofn@1688.com,Agender,158.201.70.132
565,Aline,Le Brum,alebrumfo@dagondesign.com,Female,180.169.240.126
566,Gilli,Shackel,gshackelfp@google.com.hk,Female,208.97.177.243
567,Patten,Feely,pfeelyfq@nps.gov,Male,109.141.4.2
568,Sioux,Jeaneau,sjeaneaufr@hhs.gov,Female,229.88.181.191
569,Avrom,Bennett,abennettfs@ustream.tv,Male,190.74.230.143
570,Kikelia,Laminman,klaminmanft@slideshare.net,Female,173.176.163.3
571,Blanch,Marquet,bmarquetfu@zdnet.com,Female,101.193.213.116
572,Ninnetta,Lean,nleanfv@163.com,Female,149.73.196.89
573,Linc,Edgett,ledgettfw@forbes.com,Male,96.134.151.3
574,Milicent,Zamora,mzamorafx@privacy.gov.au,Female,181.159.249.143
575,Juliette,Biagini,jbiaginify@amazon.co.uk,Bigender,251.53.88.31
576,Dell,Gligoraci,dgligoracifz@posterous.com,Agender,116.3.229.236
577,Isac,Chattelaine,ichattelaineg0@live.com,Male,15.131.64.41
578,Weber,Peregrine,wperegrineg1@un.org,Male,205.221.224.6
579,Darb,Stanley,dstanleyg2@vistaprint.com,Male,122.75.145.153
580,Gwenora,Culpin,gculping3@spotify.com,Female,29.171.1.118
581,Kennett,Coneybeer,kconeybeerg4@google.co.uk,Male,247.175.249.189
582,Junia,Dommersen,jdommerseng5@umn.edu,Female,19.202.118.197
583,Rolfe,Bauchop,rbauchopg6@etsy.com,Male,68.200.8.63
584,Codie,Ielden,cieldeng7@si.edu,Male,205.219.225.235
585,Hollie,Sloey,hsloeyg8@howstuffworks.com,Female,254.169.122.124
586,Gusti,Kenneford,gkennefordg9@wired.com,Genderqueer,94.248.157.86
587,Glendon,Malone,gmalonega@princeton.edu,Male,135.225.28.3
588,Aurelia,Holborn,aholborngb@topsy.com,Agender,14.151.181.82
589,Culver,Hucker,chuckergc@alexa.com,Male,205.51.45.107
590,Pincus,Leupoldt,pleupoldtgd@berkeley.edu,Male,193.147.34.199
591,Erek,Hambridge,ehambridgege@google.es,Male,118.170.29.98
592,Cristina,Perfitt,cperfittgf@lycos.com,Female,113.114.230.197
593,Zonnya,Saltmarsh,zsaltmarshgg@nymag.com,Bigender,227.88.113.148
594,Miquela,Wyllt,mwylltgh@yahoo.com,Female,42.172.54.53
595,Danice,Ivashkin,divashkingi@mtv.com,Female,84.238.239.237
596,Artur,Posnette,aposnettegj@bluehost.com,Male,79.197.30.121
597,Feodor,Shottin,fshottingk@yale.edu,Male,158.181.17.13
598,Karel,Eastam,keastamgl@wikimedia.org,Male,192.50.166.159
599,Marie-jeanne,Hutten,mhuttengm@tinypic.com,Female,160.3.170.138
600,Tracy,Lorden,tlordengn@va.gov,Female,243.18.243.14
601,Gilli,Sorby,gsorbygo@csmonitor.com,Female,248.44.227.91
602,Sly,Dochon,sdochongp@telegraph.co.uk,Male,250.225.80.11
603,Drona,Baise,dbaisegq@ted.com,Female,245.91.138.41
604,Reginauld,Attac,rattacgr@jimdo.com,Male,179.32.255.215
605,Dacey,Lints,dlintsgs@google.de,Female,160.134.7.8
606,Arlene,Reder,aredergt@eepurl.com,Female,227.57.192.117
607,Benedetto,Lemoir,blemoirgu@about.com,Male,151.109.248.67
608,Karon,Bosquet,kbosquetgv@wikispaces.com,Female,183.105.116.229
609,Karee,Wandrach,kwandrachgw@army.mil,Female,196.103.211.199
610,Catarina,Atterley,catterleygx@jigsy.com,Polygender,104.15.79.201
611,Agustin,Paniman,apanimangy@archive.org,Male,142.177.235.233
612,Waneta,Lutzmann,wlutzmanngz@weather.com,Female,106.111.63.44
613,Harriette,Gon,hgonh0@ycombinator.com,Bigender,86.183.219.236
614,Olly,Yapp,oyapph1@omniture.com,Male,167.100.154.181
615,Rory,Waring,rwaringh2@washingtonpost.com,Female,156.232.244.111
616,Rozamond,McDonnell,rmcdonnellh3@tuttocitta.it,Female,9.75.214.35
617,Brett,Bagge,bbaggeh4@lycos.com,Male,149.236.90.202
618,Felicity,Breinlein,fbreinleinh5@51.la,Female,54.110.114.243
619,Cherrita,Duns,cdunsh6@creativecommons.org,Female,175.53.215.4
620,Antonie,Jaggers,ajaggersh7@nbcnews.com,Female,130.210.9.98
621,Fons,Cockerell,fcockerellh8@webmd.com,Male,89.9.151.43
622,Thomas,Antushev,tantushevh9@people.com.cn,Male,179.161.191.179
623,Dorolisa,Stiant,dstiantha@moonfruit.com,Genderqueer,92.208.37.159
624,Dona,Cultcheth,dcultchethhb@nymag.com,Female,112.47.232.99
625,Curtis,Grinnov,cgrinnovhc@mozilla.com,Male,78.142.237.87
626,Farlay,Purvess,fpurvesshd@github.com,Male,158.70.94.159
627,Martha,Bramford,mbramfordhe@hhs.gov,Female,203.37.197.37
628,Ingamar,Fippe,ifippehf@theatlantic.com,Male,185.97.11.13
629,Reeta,Shyre,rshyrehg@squarespace.com,Female,78.232.51.204
630,Renado,Demonge,rdemongehh@epa.gov,Agender,243.158.251.230
631,Edgardo,Palfrey,epalfreyhi@nymag.com,Male,47.114.204.147
632,Ameline,Burge,aburgehj@uiuc.edu,Female,148.62.142.240
633,Millard,Camillo,mcamillohk@nifty.com,Male,43.65.198.193
634,Waly,Jeaycock,wjeaycockhl@skyrock.com,Female,246.99.216.10
635,Esteban,Beevers,ebeevershm@pbs.org,Non-binary,49.90.167.89
636,Darryl,Gymlett,dgymletthn@bbc.co.uk,Female,108.150.71.195
637,Dorothy,Bibb,dbibbho@cargocollective.com,Female,66.236.100.188
638,Kermy,Swiggs,kswiggshp@issuu.com,Male,191.148.47.151
639,Tricia,Minards,tminardshq@globo.com,Female,50.184.9.248
640,Wolfy,Pacquet,wpacquethr@wunderground.com,Male,62.92.48.47
641,Massimo,Carlick,mcarlickhs@elpais.com,Male,229.0.252.88
642,Morly,Lenglet,mlengletht@wordpress.org,Male,62.58.252.93
643,Siobhan,Sutch,ssutchhu@hud.gov,Genderfluid,25.49.229.189
644,Dominica,Muffen,dmuffenhv@dailymail.co.uk,Female,16.93.113.150
645,Lukas,Maud,lmaudhw@mtv.com,Male,171.102.189.57
646,Job,Upsale,jupsalehx@free.fr,Male,131.34.98.138
647,Leonard,Woodland,lwoodlandhy@multiply.com,Male,8.95.123.245
648,Chadwick,McGonigal,cmcgonigalhz@washingtonpost.com,Male,121.247.246.240
649,Kendall,Gatland,kgatlandi0@home.pl,Bigender,29.238.64.111
650,Raye,Oven,roveni1@naver.com,Female,244.73.176.218
651,Enos,Bonnesen,ebonneseni2@vk.com,Male,144.133.65.160
652,Horacio,Iannazzi,hiannazzii3@wsj.com,Male,191.49.8.211
653,Case,Dibson,cdibsoni4@pinterest.com,Male,212.0.114.124
654,Nadine,Nussen,nnusseni5@kickstarter.com,Female,75.26.169.80
655,Eugenius,Benedtti,ebenedttii6@state.tx.us,Male,49.43.114.195
656,Emelia,McElhinney,emcelhinneyi7@linkedin.com,Female,34.236.8.101
657,Bart,Brierley,bbrierleyi8@arizona.edu,Male,64.6.222.56
658,Adelina,Oxnam,aoxnami9@un.org,Female,222.165.244.172
659,Nola,Gepp,ngeppia@ucoz.ru,Bigender,139.206.180.84
660,Algernon,Beardwell,abeardwellib@hud.gov,Male,214.233.74.228
661,Melita,Yosselevitch,myosselevitchic@nasa.gov,Female,165.156.149.73
662,Juliann,Antcliff,jantcliffid@xrea.com,Female,44.76.88.46
663,Leonard,Winks,lwinksie@digg.com,Male,236.41.222.74
664,Marinna,Scothorn,mscothornif@i2i.jp,Female,129.161.239.245
665,Ingrim,Salzberg,isalzbergig@nbcnews.com,Male,44.21.72.245
666,Daniel,Cerie,dcerieih@seattletimes.com,Male,55.47.225.72
667,Xaviera,Glasser,xglasserii@scientificamerican.com,Female,30.138.108.235
668,Erhart,Bartels-Ellis,ebartelsellisij@cisco.com,Male,205.176.231.100
669,Kingston,Sercombe,ksercombeik@google.fr,Male,38.152.160.206
670,Raddie,Sandercroft,rsandercroftil@apache.org,Male,69.61.87.44
671,Willey,Arendt,warendtim@webmd.com,Male,161.47.144.161
672,Terencio,Flucker,tfluckerin@java.com,Male,245.193.180.193
673,Brit,Bordessa,bbordessaio@tinyurl.com,Polygender,210.161.45.97
674,Gene,Weaver,gweaverip@quantcast.com,Female,24.41.201.183
675,Xerxes,McPhee,xmcpheeiq@nydailynews.com,Male,101.210.104.209
676,Anne-corinne,Robbey,arobbeyir@lulu.com,Female,197.103.11.36
677,Pincas,MacAlpin,pmacalpinis@who.int,Male,238.115.221.62
678,Anthia,Machen,amachenit@google.de,Female,151.38.154.76
679,Derron,Auguste,daugusteiu@reference.com,Male,164.222.19.150
680,Abdul,Ivanishev,aivanisheviv@slideshare.net,Male,67.73.153.2
681,Sidonnie,Dickons,sdickonsiw@columbia.edu,Female,92.226.235.182
682,Annamaria,Greathead,agreatheadix@harvard.edu,Female,93.14.112.124
683,Lyman,Ivankin,livankiniy@nps.gov,Male,255.240.249.126
684,Desmond,Scrafton,dscraftoniz@auda.org.au,Male,246.48.201.251
685,Wilow,Pruckner,wprucknerj0@jimdo.com,Female,166.210.149.128
686,Madeline,Pozzo,mpozzoj1@fda.gov,Female,38.11.170.238
687,Traver,Fright,tfrightj2@phoca.cz,Male,66.204.234.190
688,Willabella,Graddell,wgraddellj3@ameblo.jp,Female,141.0.45.159
689,Isacco,Maro,imaroj4@php.net,Male,171.99.128.138
690,Devin,McVicker,dmcvickerj5@stanford.edu,Male,253.228.105.81
691,Rana,Ilyas,rilyasj6@baidu.com,Female,164.97.66.155
692,Genevra,Anlay,ganlayj7@yandex.ru,Female,183.226.238.73
693,Renata,Dunn,rdunnj8@csmonitor.com,Female,151.191.99.223
694,Matelda,Pitfield,mpitfieldj9@list-manage.com,Female,78.152.217.111
695,Averyl,Fardy,afardyja@washingtonpost.com,Female,255.116.231.30
696,Hollyanne,Anscott,hanscottjb@geocities.com,Female,110.224.104.148
697,Berny,Ching,bchingjc@infoseek.co.jp,Female,14.152.129.178
698,Elton,Reinbach,ereinbachjd@wisc.edu,Male,75.80.91.24
699,Andras,Mawditt,amawdittje@scientificamerican.com,Male,139.225.170.189
700,Talia,Raggatt,traggattjf@storify.com,Female,173.136.150.106
701,Tabor,Riglar,triglarjg@toplist.cz,Male,223.246.88.99
702,Tim,Petrollo,tpetrollojh@meetup.com,Polygender,203.59.158.39
703,Shandra,Dallaghan,sdallaghanji@wordpress.com,Female,131.184.105.140
704,Salvatore,Dugall,sdugalljj@xrea.com,Male,169.37.226.68
705,Kally,Golborne,kgolbornejk@ezinearticles.com,Female,97.239.74.119
706,Rosanne,Klauer,rklauerjl@so-net.ne.jp,Female,28.102.232.108
707,Marti,Klesl,mklesljm@surveymonkey.com,Female,250.190.150.171
708,Chandler,Farlamb,cfarlambjn@gov.uk,Bigender,140.180.68.104
709,Giselle,Burnet,gburnetjo@networkadvertising.org,Female,153.95.232.119
710,Greta,Bradburne,gbradburnejp@va.gov,Female,133.159.42.153
711,Daryl,Antonnikov,dantonnikovjq@dropbox.com,Genderqueer,211.76.16.175
712,Mervin,Idell,midelljr@ezinearticles.com,Male,95.79.89.14
713,Leontyne,Leupoldt,lleupoldtjs@un.org,Female,206.67.118.117
714,Drucy,Oulner,doulnerjt@free.fr,Female,126.144.216.43
715,Tersina,Nairns,tnairnsju@google.co.jp,Genderqueer,243.174.81.159
716,Demott,Elvidge,delvidgejv@samsung.com,Genderfluid,24.167.39.68
717,Northrop,Royall,nroyalljw@over-blog.com,Male,239.97.71.233
718,Andra,Bowick,abowickjx@is.gd,Female,3.75.20.43
719,Emilee,Duiged,eduigedjy@goo.gl,Female,181.232.253.125
720,Shay,Mapp,smappjz@netlog.com,Male,224.3.69.34
721,Onofredo,Hails,ohailsk0@diigo.com,Male,100.249.226.236
722,Aurelia,Pridgeon,apridgeonk1@vinaora.com,Female,184.185.32.141
723,Evey,Cunniff,ecunniffk2@admin.ch,Female,242.116.161.154
724,Carolee,Milburn,cmilburnk3@usa.gov,Bigender,122.155.195.146
725,Trever,Daoust,tdaoustk4@histats.com,Male,233.243.194.34
726,Maribelle,Stoad,mstoadk5@phpbb.com,Female,52.208.165.224
727,Rustin,Johannes,rjohannesk6@amazon.co.jp,Male,8.198.67.162
728,Natalie,Tallant,ntallantk7@webs.com,Female,210.195.105.63
729,Midge,Hovy,mhovyk8@ameblo.jp,Female,35.176.127.87
730,Kath,Muress,kmuressk9@yellowpages.com,Female,17.70.162.215
731,Cly,MacGuffog,cmacguffogka@toplist.cz,Male,189.138.151.87
732,Pansie,Giovanazzi,pgiovanazzikb@i2i.jp,Female,173.66.111.177
733,Maye,Bloss,mblosskc@cargocollective.com,Female,147.238.22.28
734,Maressa,Trowsdall,mtrowsdallkd@globo.com,Female,123.10.73.35
735,Gabrielle,Whittier,gwhittierke@economist.com,Female,80.152.75.65
736,Austen,Gissop,agissopkf@sun.com,Male,251.32.182.104
737,Travers,Sprosson,tsprossonkg@huffingtonpost.com,Male,93.138.180.253
738,Timmy,Esposita,tespositakh@youtube.com,Female,186.246.15.138
739,Claribel,Jakubiak,cjakubiakki@cmu.edu,Female,93.192.248.109
740,Wolfgang,Gifkins,wgifkinskj@comsenz.com,Male,115.116.228.96
741,Olivette,Boustred,oboustredkk@w3.org,Female,27.69.15.204
742,Herold,Burchatt,hburchattkl@alibaba.com,Genderfluid,12.250.126.224
743,Hansiain,Stovold,hstovoldkm@cnet.com,Male,166.245.98.146
744,Garold,Evesque,gevesquekn@stanford.edu,Male,111.79.114.40
745,Nelson,Bodley,nbodleyko@imdb.com,Male,102.15.26.93
746,Barton,Bortolussi,bbortolussikp@loc.gov,Male,23.166.67.159
747,Vic,Milligan,vmilligankq@myspace.com,Male,22.187.86.204
748,Roman,Dyett,rdyettkr@nymag.com,Male,225.106.111.154
749,Bertram,Evins,bevinsks@macromedia.com,Male,6.156.10.14
750,Teddi,Pounds,tpoundskt@opensource.org,Female,174.97.147.211
751,Julina,Sparshott,jsparshottku@yellowbook.com,Female,187.71.192.138
752,Normand,Hayfield,nhayfieldkv@foxnews.com,Male,149.25.180.144
753,Aila,Cudiff,acudiffkw@purevolume.com,Female,21.125.205.122
754,Remy,Burris,rburriskx@utexas.edu,Non-binary,112.190.34.142
755,Henrietta,McGarahan,hmcgarahanky@livejournal.com,Female,207.63.239.9
756,Patric,Willgress,pwillgresskz@mysql.com,Male,141.105.238.191
757,Alex,O'Sesnane,aosesnanel0@ycombinator.com,Male,230.232.175.114
758,Lucretia,Caplis,lcaplisl1@kickstarter.com,Female,59.37.57.50
759,Sapphire,Tomkies,stomkiesl2@pen.io,Female,56.115.148.53
760,Harrie,Hammerberg,hhammerbergl3@wufoo.com,Female,224.37.53.180
761,Bondie,Entwisle,bentwislel4@moonfruit.com,Male,22.194.22.74
762,Zeke,Garham,zgarhaml5@epa.gov,Male,173.164.198.251
763,Laney,Lyness,llynessl6@123-reg.co.uk,Female,36.100.173.127
764,Guillermo,Guerrieri,gguerrieril7@plala.or.jp,Male,27.97.88.246
765,Judd,Pomery,jpomeryl8@sitemeter.com,Male,155.43.97.187
766,Delilah,Treadwell,dtreadwelll9@bloomberg.com,Agender,96.16.126.170
767,Akim,Draayer,adraayerla@fastcompany.com,Non-binary,218.207.180.97
768,Barrie,Lapre,blaprelb@vk.com,Bigender,186.223.164.197
769,Colan,Bernaert,cbernaertlc@chron.com,Male,115.170.57.34
770,Nickey,Charlewood,ncharlewoodld@sun.com,Male,246.162.226.67
771,Ailina,Clifft,aclifftle@whitehouse.gov,Female,46.103.147.56
772,Anet,Zeplin,azeplinlf@wiley.com,Female,184.184.175.13
773,Emmy,Girardin,egirardinlg@barnesandnoble.com,Female,144.66.38.22
774,Farah,Kearney,fkearneylh@newyorker.com,Female,64.204.19.250
775,Clarita,Eggerton,ceggertonli@list-manage.com,Female,116.42.20.35
776,Gilberto,Colleer,gcolleerlj@edublogs.org,Male,178.191.220.94
777,Ariella,Erlam,aerlamlk@mozilla.org,Female,193.1.201.222
778,Agustin,Pellatt,apellattll@senate.gov,Male,136.136.35.104
779,Arv,Fuidge,afuidgelm@github.com,Male,2.212.22.69
780,Dwight,MacLeese,dmacleeseln@yellowpages.com,Male,99.52.14.50
781,Elliott,Persence,epersencelo@gov.uk,Male,156.117.251.243
782,Whittaker,Dogg,wdogglp@bravesites.com,Male,27.177.77.104
783,Orelia,MacLure,omaclurelq@independent.co.uk,Female,232.37.44.98
784,Corey,De Filippi,cdefilippilr@prweb.com,Male,223.190.35.42
785,Edvard,McWilliam,emcwilliamls@twitpic.com,Male,22.60.175.254
786,Sigfried,Wickenden,swickendenlt@privacy.gov.au,Male,248.57.222.196
787,Rozele,Widdup,rwidduplu@bbc.co.uk,Female,36.78.210.18
788,Malanie,Hopkyns,mhopkynslv@fotki.com,Female,190.170.222.8
789,Myrlene,Jelf,mjelflw@shop-pro.jp,Female,39.231.71.142
790,Frants,Castlake,fcastlakelx@uiuc.edu,Male,173.54.247.58
791,Darryl,Semarke,dsemarkely@blinklist.com,Genderfluid,186.186.238.238
792,Issiah,Cottie,icottielz@usnews.com,Agender,204.131.162.73
793,Tiebold,Dewsnap,tdewsnapm0@examiner.com,Bigender,148.48.97.55
794,Jorge,Angeau,jangeaum1@samsung.com,Male,102.158.19.112
795,Emile,Lambden,elambdenm2@qq.com,Male,244.81.87.36
796,Simona,Trendle,strendlem3@mail.ru,Female,94.10.91.27
797,Kristyn,Johnikin,kjohnikinm4@surveymonkey.com,Female,8.47.169.176
798,Moyra,Gorden,mgordenm5@pinterest.com,Female,122.80.28.221
799,Wait,De Robertis,wderobertism6@cpanel.net,Male,76.66.231.130
800,Ainsley,Mollison,amollisonm7@topsy.com,Female,43.145.160.228
801,Fair,Tommei,ftommeim8@intel.com,Male,42.5.10.120
802,Roslyn,Burdell,rburdellm9@live.com,Female,10.250.158.77
803,Lindon,Clews,lclewsma@loc.gov,Male,44.189.192.170
804,Ruggiero,De Matteis,rdematteismb@domainmarket.com,Bigender,27.138.93.22
805,Lorry,Tyson,ltysonmc@smugmug.com,Female,59.4.25.230
806,Amalita,Cradock,acradockmd@dagondesign.com,Female,238.206.220.122
807,Martica,Digg,mdiggme@example.com,Genderqueer,217.81.167.98
808,Alethea,Alejandri,aalejandrimf@arstechnica.com,Female,189.34.180.151
809,Mariellen,Hambers,mhambersmg@netlog.com,Female,130.166.220.220
810,Gianni,Friskey,gfriskeymh@vk.com,Male,251.89.240.50
811,Sallie,Chorlton,schorltonmi@tiny.cc,Female,61.144.15.192
812,Wilek,Carloni,wcarlonimj@sohu.com,Male,120.40.71.219
813,Norbert,Corbould,ncorbouldmk@squidoo.com,Male,65.84.251.215
814,Mari,Fulton,mfultonml@flavors.me,Female,126.6.192.44
815,Patric,Gricks,pgricksmm@cmu.edu,Male,117.167.119.17
816,Avrit,D'Aubney,adaubneymn@ocn.ne.jp,Female,93.40.50.46
817,Myrle,Backen,mbackenmo@list-manage.com,Female,238.124.14.15
818,Felicio,Levermore,flevermoremp@mapy.cz,Male,115.35.108.22
819,Charisse,Blaase,cblaasemq@mozilla.org,Female,148.74.239.98
820,Thomasin,Cartin,tcartinmr@microsoft.com,Female,58.27.166.227
821,Theo,Lamputt,tlamputtms@yahoo.com,Female,39.12.90.114
822,Ella,Nestle,enestlemt@salon.com,Female,13.29.67.99
823,Amelita,Djorevic,adjorevicmu@accuweather.com,Female,70.86.60.246
824,Marje,Corn,mcornmv@1688.com,Female,5.219.180.36
825,Ario,Van Ross,avanrossmw@cnn.com,Non-binary,114.25.71.212
826,Danya,Barczewski,dbarczewskimx@ucla.edu,Female,152.230.209.12
827,Page,Puddle,ppuddlemy@army.mil,Male,52.89.96.251
828,Haven,Swanston,hswanstonmz@kickstarter.com,Male,18.255.112.167
829,Nedda,McIlmorow,nmcilmorown0@nsw.gov.au,Female,184.235.170.37
830,Mirelle,Ridgeway,mridgewayn1@g.co,Female,156.117.121.88
831,Loella,Ivanishin,livanishinn2@jimdo.com,Female,254.24.78.255
832,Adoree,Rappa,arappan3@feedburner.com,Female,11.138.44.176
833,Toddie,Yurchenko,tyurchenkon4@1und1.de,Male,62.102.68.174
834,Anet,Gladdis,agladdisn5@abc.net.au,Female,133.127.190.36
835,Grannie,Prinn,gprinnn6@ftc.gov,Male,101.238.120.208
836,Chip,Lettington,clettingtonn7@about.com,Genderfluid,127.20.57.52
837,Harris,Joynt,hjoyntn8@miibeian.gov.cn,Male,254.179.111.66
838,Lily,Van Arsdalen,lvanarsdalenn9@usatoday.com,Female,21.15.127.30
839,Lani,Paddeley,lpaddeleyna@soundcloud.com,Female,49.36.195.17
840,Dimitri,Tulip,dtulipnb@spotify.com,Male,4.254.218.75
841,Cheston,Haslewood,chaslewoodnc@usgs.gov,Male,202.96.7.173
842,Ines,Hooks,ihooksnd@moonfruit.com,Female,178.151.59.139
843,Christian,Toffts,ctofftsne@nymag.com,Female,108.223.120.187
844,Tory,Ramsbottom,tramsbottomnf@upenn.edu,Non-binary,55.78.243.188
845,Donnajean,Donaho,ddonahong@gov.uk,Female,26.43.164.18
846,Annelise,Cornau,acornaunh@moonfruit.com,Female,247.178.110.254
847,Brear,Geraldini,bgeraldinini@hubpages.com,Female,231.24.3.64
848,Madelon,Wrathall,mwrathallnj@twitter.com,Female,115.38.6.35
849,Keriann,Gammill,kgammillnk@mlb.com,Female,38.5.109.54
850,Jasper,Toffetto,jtoffettonl@huffingtonpost.com,Male,55.120.36.192
851,Buddy,Cartwright,bcartwrightnm@foxnews.com,Male,68.212.199.248
852,Daisie,McGeneay,dmcgeneaynn@slideshare.net,Female,184.107.98.120
853,Brade,Majury,bmajuryno@soup.io,Male,202.67.81.162
854,Gavan,Gough,ggoughnp@squarespace.com,Male,4.40.23.168
855,Dru,Yvens,dyvensnq@independent.co.uk,Male,175.28.253.108
856,Gregorio,McClintock,gmcclintocknr@ibm.com,Male,155.61.134.161
857,Rudd,Lomansey,rlomanseyns@amazon.co.jp,Male,133.226.230.24
858,Constantina,Kinde,ckindent@businessinsider.com,Female,201.232.212.40
859,Rebbecca,Preist,rpreistnu@vistaprint.com,Female,167.199.42.8
860,Editha,McGillivray,emcgillivraynv@sohu.com,Non-binary,222.176.52.138
861,Candis,McPeice,cmcpeicenw@nature.com,Female,214.67.179.114
862,Ferdie,Samet,fsametnx@hostgator.com,Male,161.218.223.89
863,Skip,Rabb,srabbny@cmu.edu,Male,215.30.211.123
864,Artus,Schott,aschottnz@msu.edu,Bigender,84.37.58.80
865,Trefor,Gasnell,tgasnello0@mac.com,Male,226.45.16.6
866,Veronika,Mcimmie,vmcimmieo1@ehow.com,Female,149.52.81.80
867,Hughie,Pratley,hpratleyo2@arizona.edu,Male,228.135.229.90
868,Orland,Barnewelle,obarnewelleo3@toplist.cz,Male,106.80.172.243
869,Aida,Stukings,astukingso4@twitpic.com,Female,228.106.208.237
870,Joseph,Tompkins,jtompkinso5@live.com,Male,182.59.249.214
871,Vaughan,Heers,vheerso6@google.com.br,Male,53.190.242.117
872,Alvinia,Fullylove,afullyloveo7@census.gov,Female,169.74.78.208
873,Deanna,Candy,dcandyo8@dedecms.com,Female,133.110.42.201
874,Edee,Cavanagh,ecavanagho9@google.de,Female,242.145.111.163
875,Janeta,Iacovo,jiacovooa@myspace.com,Female,72.1.183.39
876,Noll,Mechell,nmechellob@friendfeed.com,Male,8.4.245.64
877,Pierrette,Schruyer,pschruyeroc@list-manage.com,Female,199.29.165.189
878,Corrina,Falkinder,cfalkinderod@aboutads.info,Female,72.171.22.144
879,Sofie,Naire,snaireoe@ameblo.jp,Female,139.3.203.89
880,Ulises,Vallow,uvallowof@ibm.com,Male,140.190.238.48
881,Idalina,Fagence,ifagenceog@cargocollective.com,Female,36.2.241.43
882,Cyril,Sparhawk,csparhawkoh@webmd.com,Male,113.8.147.7
883,Timoteo,Pleasance,tpleasanceoi@unblog.fr,Male,143.200.202.31
884,Gery,Ballantyne,gballantyneoj@dion.ne.jp,Male,93.201.192.64
885,Leonie,Gorioli,lgorioliok@pbs.org,Female,162.250.225.217
886,Dave,Bleasdale,dbleasdaleol@wordpress.com,Male,192.126.100.110
887,Sullivan,Burrage,sburrageom@japanpost.jp,Male,49.158.175.108
888,Karney,Hearn,khearnon@dropbox.com,Male,127.249.222.75
889,Dorri,Player,dplayeroo@nhs.uk,Female,135.6.69.99
890,Abramo,Tydeman,atydemanop@xing.com,Male,1.79.145.90
891,Darnell,Swanson,dswansonoq@geocities.com,Male,251.115.9.223
892,Donal,Lazare,dlazareor@newyorker.com,Male,235.18.119.30
893,Dickie,Lauridsen,dlauridsenos@loc.gov,Male,167.188.220.203
894,Briant,Pionter,bpionterot@hostgator.com,Male,168.22.235.102
895,Leah,Jeavons,ljeavonsou@vistaprint.com,Female,68.219.81.67
896,Nancy,Sorbey,nsorbeyov@ucla.edu,Female,2.250.206.131
897,Cyndie,Domelow,cdomelowow@scientificamerican.com,Female,124.241.21.246
898,Ethyl,Polon,epolonox@odnoklassniki.ru,Female,196.233.19.70
899,Adelaide,Giraths,agirathsoy@cmu.edu,Genderfluid,85.164.156.203
900,Edy,Poytress,epoytressoz@ovh.net,Female,48.252.32.175
901,Myrtice,Izac,mizacp0@issuu.com,Female,70.214.127.185
902,Flore,Grimoldby,fgrimoldbyp1@freewebs.com,Female,234.244.31.210
903,Shep,Bravey,sbraveyp2@soundcloud.com,Male,103.242.0.169
904,Arlyn,Kennett,akennettp3@theglobeandmail.com,Female,81.48.184.43
905,Fawn,Dowrey,fdowreyp4@google.ru,Female,105.136.60.72
906,Collen,Crallan,ccrallanp5@aboutads.info,Female,218.135.92.252
907,Harmon,Twinborough,htwinboroughp6@eventbrite.com,Male,243.83.231.25
908,Humphrey,Stares,hstaresp7@va.gov,Male,94.67.55.152
909,Pattie,Butteris,pbutterisp8@bluehost.com,Male,153.188.14.75
910,Danella,Lachaize,dlachaizep9@4shared.com,Female,237.109.126.139
911,Siana,Wittman,swittmanpa@yolasite.com,Female,215.26.49.35
912,Ike,Schwant,ischwantpb@squidoo.com,Male,144.91.192.229
913,Karna,Ownsworth,kownsworthpc@boston.com,Female,229.75.150.254
914,Magdalene,Rickwood,mrickwoodpd@prlog.org,Female,83.109.9.91
915,Raye,McClymond,rmcclymondpe@dmoz.org,Female,75.105.59.65
916,West,Ollerhad,wollerhadpf@mlb.com,Polygender,55.114.241.216
917,Eugene,Velasquez,evelasquezpg@furl.net,Male,38.80.77.33
918,Arnie,Stannett,astannettph@jiathis.com,Male,58.148.152.250
919,Griffin,Alekseev,galekseevpi@fastcompany.com,Male,179.75.86.29
920,Rory,Oris,rorispj@squarespace.com,Bigender,2.96.31.83
921,Jillana,Hoofe,jhoofepk@netscape.com,Female,231.113.113.197
922,Joella,Lutwyche,jlutwychepl@clickbank.net,Female,58.137.67.228
923,Almeria,Arkcoll,aarkcollpm@e-recht24.de,Female,191.200.155.167
924,Sandie,Cruddace,scruddacepn@ask.com,Female,176.223.246.66
925,Archer,Messenbird,amessenbirdpo@hostgator.com,Male,95.112.68.154
926,Nathaniel,Gosnall,ngosnallpp@1und1.de,Male,91.36.166.5
927,Wendy,Tower,wtowerpq@tuttocitta.it,Female,0.235.226.45
928,Mendie,Lerhinan,mlerhinanpr@stumbleupon.com,Male,21.233.121.38
929,Maxim,Layne,mlayneps@google.fr,Male,25.245.205.38
930,Colas,Vasilov,cvasilovpt@amazon.co.uk,Male,121.64.21.23
931,Nolie,Hendrich,nhendrichpu@sourceforge.net,Female,50.105.210.192
932,Hyacinthia,Beranek,hberanekpv@bbc.co.uk,Female,118.21.186.97
933,Britni,Burrus,bburruspw@g.co,Bigender,195.74.114.49
934,Doria,Deaconson,ddeaconsonpx@sourceforge.net,Female,188.236.194.139
935,Freddy,Dyka,fdykapy@paginegialle.it,Female,147.220.70.196
936,Gun,Osgerby,gosgerbypz@hugedomains.com,Male,46.129.65.49
937,Grete,Woodhead,gwoodheadq0@jugem.jp,Female,75.116.15.97
938,Deonne,Cardenoza,dcardenozaq1@biglobe.ne.jp,Female,127.147.37.51
939,Edgard,Spilstead,espilsteadq2@wiley.com,Male,112.184.225.181
940,Lynne,Farnworth,lfarnworthq3@omniture.com,Female,173.5.54.165
941,Illa,Lillecrop,ilillecropq4@wordpress.org,Female,17.118.181.31
942,Al,Ramel,aramelq5@prnewswire.com,Genderqueer,35.129.221.44
943,Katie,Yard,kyardq6@wordpress.com,Female,191.16.127.14
944,Donny,Whitticks,dwhitticksq7@yolasite.com,Male,159.66.68.96
945,Mord,Stickney,mstickneyq8@comsenz.com,Male,87.137.213.13
946,Ulric,Dinnies,udinniesq9@webeden.co.uk,Male,53.245.35.83
947,Ginger,Birds,gbirdsqa@taobao.com,Male,171.79.202.124
948,Emyle,Rylatt,erylattqb@fc2.com,Female,57.65.152.7
949,Jasmin,Blankley,jblankleyqc@miitbeian.gov.cn,Female,185.128.12.143
950,Law,Glowacz,lglowaczqd@cdbaby.com,Male,208.195.144.237
951,Xerxes,Brugemann,xbrugemannqe@intel.com,Male,208.218.65.117
952,Collen,Clover,ccloverqf@zimbio.com,Female,62.100.115.187
953,Grete,Rymmer,grymmerqg@omniture.com,Female,74.43.36.76
954,Martie,Jelf,mjelfqh@quantcast.com,Male,48.177.216.183
955,Roby,Awdry,rawdryqi@hp.com,Female,172.253.243.9
956,Casey,Grunnill,cgrunnillqj@loc.gov,Male,52.234.181.121
957,Nissie,Sneden,nsnedenqk@chron.com,Female,181.25.0.243
958,Shandie,Carabet,scarabetql@foxnews.com,Female,212.228.138.3
959,Roy,Geyton,rgeytonqm@skyrock.com,Male,249.218.12.149
960,Steven,Baggarley,sbaggarleyqn@kickstarter.com,Male,65.13.203.157
961,Demetria,Longcake,dlongcakeqo@latimes.com,Female,221.15.159.247
962,Rosco,Oddey,roddeyqp@usgs.gov,Male,207.93.132.115
963,Janella,Tailby,jtailbyqq@reddit.com,Genderfluid,124.250.52.157
964,Isidro,Szymanowski,iszymanowskiqr@cdbaby.com,Male,41.22.252.71
965,Gaylor,Dominy,gdominyqs@dyndns.org,Male,132.248.18.166
966,Bridie,De Bellis,bdebellisqt@uol.com.br,Female,101.101.40.134
967,Petr,Antonio,pantonioqu@auda.org.au,Male,128.132.95.30
968,Ellerey,Margrett,emargrettqv@archive.org,Agender,133.140.34.188
969,Meredithe,Scoggins,mscogginsqw@homestead.com,Female,109.14.8.164
970,Jojo,Hundal,jhundalqx@spiegel.de,Female,20.242.157.80
971,Nikoletta,Rimbault,nrimbaultqy@zimbio.com,Female,97.133.58.5
972,Billy,Brimmell,bbrimmellqz@wordpress.org,Female,19.81.249.5
973,Kalindi,Bettlestone,kbettlestoner0@themeforest.net,Female,173.17.182.68
974,Dianemarie,Marmion,dmarmionr1@amazon.com,Female,93.250.76.186
975,Garrett,Winslett,gwinslettr2@instagram.com,Male,172.245.219.132
976,Stinky,Abade,sabader3@tuttocitta.it,Male,127.108.223.210
977,Estrellita,Elwill,eelwillr4@amazon.co.uk,Polygender,42.154.166.14
978,Paule,Dufour,pdufourr5@amazonaws.com,Agender,43.242.175.235
979,Cori,Ughi,cughir6@dedecms.com,Male,176.231.172.188
980,Anissa,Rosina,arosinar7@lycos.com,Female,189.26.233.236
981,Gaspar,Biset,gbisetr8@facebook.com,Male,175.208.109.61
982,Justen,Parysiak,jparysiakr9@bigcartel.com,Male,145.110.37.3
983,Rudolf,Leefe,rleefera@ask.com,Male,140.212.247.64
984,Hillary,Girardin,hgirardinrb@mac.com,Male,54.122.182.146
985,Lenard,Derrington,lderringtonrc@marketwatch.com,Male,198.33.117.48
986,Nanette,Dunthorne,ndunthornerd@technorati.com,Female,53.244.106.107
987,Denna,Roocroft,droocroftre@discuz.net,Female,59.205.115.185
988,Jolee,Prichard,jprichardrf@sogou.com,Female,77.71.105.19
989,Wake,Wyndham,wwyndhamrg@virginia.edu,Agender,74.186.16.39
990,Manuel,Dobbyn,mdobbynrh@wisc.edu,Male,104.81.28.62
991,Gualterio,MacManus,gmacmanusri@angelfire.com,Male,56.105.118.205
992,Casey,Halpin,chalpinrj@sciencedirect.com,Female,137.241.112.80
993,Sandor,Befroy,sbefroyrk@liveinternet.ru,Male,238.156.40.159
994,Krissie,Osipov,kosipovrl@imdb.com,Female,181.65.11.171
995,Sandra,Reedyhough,sreedyhoughrm@goodreads.com,Female,175.222.110.33
996,Lesley,Gaffney,lgaffneyrn@google.ca,Male,136.101.215.24
997,Maxim,Hutchin,mhutchinro@slashdot.org,Male,11.89.158.51
998,Leona,Viccary,lviccaryrp@dot.gov,Female,204.179.108.188
999,Beale,Skotcher,bskotcherrq@twitter.com,Male,86.168.127.111
1000,Pebrook,Eslemont,peslemontrr@hatena.ne.jp,Genderfluid,13.187.116.51
